<?xml version="1.0"?>
<doc>
    <assembly>
        <name>Microsoft.Extensions.Logging.Configuration</name>
    </assembly>
    <members>
        <member name="T:Microsoft.Extensions.Logging.Configuration.ILoggerProviderConfiguration`1">
            <summary>
            Allows access to configuration section associated with logger provider
            </summary>
            <typeparam name="T">Type of logger provider to get configuration for</typeparam>
        </member>
        <member name="P:Microsoft.Extensions.Logging.Configuration.ILoggerProviderConfiguration`1.Configuration">
            <summary>
            Configuration section for requested logger provider
            </summary>
        </member>
        <member name="T:Microsoft.Extensions.Logging.Configuration.ILoggerProviderConfigurationFactory">
            <summary>
            Allows access to configuration section associated with logger provider
            </summary>
        </member>
        <member name="M:Microsoft.Extensions.Logging.Configuration.ILoggerProviderConfigurationFactory.GetConfiguration(System.Type)">
            <summary>
            Return configuration section associated with logger provider
            </summary>
            <param name="providerType">The logger provider type</param>
            <returns>The <see cref="T:Microsoft.Extensions.Configuration.IConfiguration"/> for the given <paramref name="providerType" />.</returns>
        </member>
        <member name="T:Microsoft.Extensions.Logging.Configuration.LoggerProviderOptions">
            <summary>
            Provides a set of helpers to initialize options objects from logger provider configuration.
            </summary>
        </member>
        <member name="M:Microsoft.Extensions.Logging.Configuration.LoggerProviderOptions.RegisterProviderOptions``2(Microsoft.Extensions.DependencyInjection.IServiceCollection)">
            <summary>
            Indicates that settings for <typeparamref name="TProvider"/> should be loaded into <typeparamref name="TOptions"/> type.
            </summary>
            <param name="services">The <see cref="T:Microsoft.Extensions.DependencyInjection.IServiceCollection"/> to register on.</param>
            <typeparam name="TOptions">The options class </typeparam>
            <typeparam name="TProvider">The provider class</typeparam>
        </member>
        <member name="T:Microsoft.Extensions.Logging.Configuration.LoggerProviderConfigureOptions`2">
            <summary>
            Loads settings for <typeparamref name="TProvider"/> into <typeparamref name="TOptions"/> type.
            </summary>
        </member>
        <member name="T:Microsoft.Extensions.Logging.Configuration.LoggerProviderOptionsChangeTokenSource`2">
            <inheritdoc />
        </member>
        <member name="T:Microsoft.Extensions.Logging.Configuration.LoggingBuilderConfigurationExtensions">
            <summary>
            Extension methods for setting up logging services in an <see cref="T:Microsoft.Extensions.Logging.ILoggingBuilder" />.
            </summary>
        </member>
        <member name="M:Microsoft.Extensions.Logging.Configuration.LoggingBuilderConfigurationExtensions.AddConfiguration(Microsoft.Extensions.Logging.ILoggingBuilder)">
            <summary>
            Adds services required to consume <see cref="T:Microsoft.Extensions.Logging.Configuration.ILoggerProviderConfigurationFactory"/> or <see cref="T:Microsoft.Extensions.Logging.Configuration.ILoggerProviderConfiguration`1"/>
            </summary>
            <param name="builder">The <see cref="T:Microsoft.Extensions.Logging.ILoggingBuilder"/> to register services on.</param>
        </member>
        <member name="T:Microsoft.Extensions.Logging.LoggingBuilderExtensions">
            <summary>
            Extension methods for setting up logging services in an <see cref="T:Microsoft.Extensions.Logging.ILoggingBuilder" />.
            </summary>
        </member>
        <member name="M:Microsoft.Extensions.Logging.LoggingBuilderExtensions.AddConfiguration(Microsoft.Extensions.Logging.ILoggingBuilder,Microsoft.Extensions.Configuration.IConfiguration)">
            <summary>
            Configures <see cref="T:Microsoft.Extensions.Logging.LoggerFilterOptions" /> from an instance of <see cref="T:Microsoft.Extensions.Configuration.IConfiguration" />.
            </summary>
            <param name="builder">The <see cref="T:Microsoft.Extensions.Logging.ILoggingBuilder"/> to use.</param>
            <param name="configuration">The <see cref="T:Microsoft.Extensions.Configuration.IConfiguration" /> to add.</param>
            <returns>The builder.</returns>
        </member>
        <member name="M:System.ThrowHelper.ThrowIfNull(System.Object,System.String)">
            <summary>Throws an <see cref="T:System.ArgumentNullException"/> if <paramref name="argument"/> is null.</summary>
            <param name="argument">The reference type argument to validate as non-null.</param>
            <param name="paramName">The name of the parameter with which <paramref name="argument"/> corresponds.</param>
        </member>
        <member name="T:System.Diagnostics.CodeAnalysis.RequiresDynamicCodeAttribute">
            <summary>
            Indicates that the specified method requires the ability to generate new code at runtime,
            for example through <see cref="N:System.Reflection"/>.
            </summary>
            <remarks>
            This allows tools to understand which methods are unsafe to call when compiling ahead of time.
            </remarks>
        </member>
        <member name="M:System.Diagnostics.CodeAnalysis.RequiresDynamicCodeAttribute.#ctor(System.String)">
            <summary>
            Initializes a new instance of the <see cref="T:System.Diagnostics.CodeAnalysis.RequiresDynamicCodeAttribute"/> class
            with the specified message.
            </summary>
            <param name="message">
            A message that contains information about the usage of dynamic code.
            </param>
        </member>
        <member name="P:System.Diagnostics.CodeAnalysis.RequiresDynamicCodeAttribute.Message">
            <summary>
            Gets a message that contains information about the usage of dynamic code.
            </summary>
        </member>
        <member name="P:System.Diagnostics.CodeAnalysis.RequiresDynamicCodeAttribute.Url">
            <summary>
            Gets or sets an optional URL that contains more information about the method,
            why it requires dynamic code, and what options a consumer has to deal with it.
            </summary>
        </member>
        <member name="P:System.SR.ValueNotSupported">
            <summary>Configuration value '{0}' is not supported.</summary>
        </member>
        <member name="T:System.Runtime.InteropServices.LibraryImportAttribute">
            <summary>
            Attribute used to indicate a source generator should create a function for marshalling
            arguments instead of relying on the runtime to generate an equivalent marshalling function at run-time.
            </summary>
            <remarks>
            This attribute is meaningless if the source generator associated with it is not enabled.
            The current built-in source generator only supports C# and only supplies an implementation when
            applied to static, partial, non-generic methods.
            </remarks>
        </member>
        <member name="M:System.Runtime.InteropServices.LibraryImportAttribute.#ctor(System.String)">
            <summary>
            Initializes a new instance of the <see cref="T:System.Runtime.InteropServices.LibraryImportAttribute"/>.
            </summary>
            <param name="libraryName">Name of the library containing the import.</param>
        </member>
        <member name="P:System.Runtime.InteropServices.LibraryImportAttribute.LibraryName">
            <summary>
            Gets the name of the library containing the import.
            </summary>
        </member>
        <member name="P:System.Runtime.InteropServices.LibraryImportAttribute.EntryPoint">
            <summary>
            Gets or sets the name of the entry point to be called.
            </summary>
        </member>
        <member name="P:System.Runtime.InteropServices.LibraryImportAttribute.StringMarshalling">
            <summary>
            Gets or sets how to marshal string arguments to the method.
            </summary>
            <remarks>
            If this field is set to a value other than <see cref="F:System.Runtime.InteropServices.StringMarshalling.Custom" />,
            <see cref="P:System.Runtime.InteropServices.LibraryImportAttribute.StringMarshallingCustomType" /> must not be specified.
            </remarks>
        </member>
        <member name="P:System.Runtime.InteropServices.LibraryImportAttribute.StringMarshallingCustomType">
            <summary>
            Gets or sets the <see cref="T:System.Type"/> used to control how string arguments to the method are marshalled.
            </summary>
            <remarks>
            If this field is specified, <see cref="P:System.Runtime.InteropServices.LibraryImportAttribute.StringMarshalling" /> must not be specified
            or must be set to <see cref="F:System.Runtime.InteropServices.StringMarshalling.Custom" />.
            </remarks>
        </member>
        <member name="P:System.Runtime.InteropServices.LibraryImportAttribute.SetLastError">
            <summary>
            Gets or sets whether the callee sets an error (SetLastError on Windows or errno
            on other platforms) before returning from the attributed method.
            </summary>
        </member>
        <member name="T:System.Runtime.InteropServices.StringMarshalling">
            <summary>
            Specifies how strings should be marshalled for generated p/invokes
            </summary>
        </member>
        <member name="F:System.Runtime.InteropServices.StringMarshalling.Custom">
            <summary>
            Indicates the user is suppling a specific marshaller in <see cref="P:System.Runtime.InteropServices.LibraryImportAttribute.StringMarshallingCustomType"/>.
            </summary>
        </member>
        <member name="F:System.Runtime.InteropServices.StringMarshalling.Utf8">
            <summary>
            Use the platform-provided UTF-8 marshaller.
            </summary>
        </member>
        <member name="F:System.Runtime.InteropServices.StringMarshalling.Utf16">
            <summary>
            Use the platform-provided UTF-16 marshaller.
            </summary>
        </member>
    </members>
</doc>
