<?xml version="1.0"?>
<doc>
    <assembly>
        <name>Microsoft.Extensions.Options.ConfigurationExtensions</name>
    </assembly>
    <members>
        <member name="T:Microsoft.Extensions.Options.ConfigurationChangeTokenSource`1">
            <summary>
            Creates <see cref="T:Microsoft.Extensions.Primitives.IChangeToken"/>s so that <see cref="T:Microsoft.Extensions.Options.IOptionsMonitor`1"/> gets
            notified when <see cref="T:Microsoft.Extensions.Configuration.IConfiguration"/> changes.
            </summary>
            <typeparam name="TOptions"></typeparam>
        </member>
        <member name="M:Microsoft.Extensions.Options.ConfigurationChangeTokenSource`1.#ctor(Microsoft.Extensions.Configuration.IConfiguration)">
            <summary>
            Constructor taking the <see cref="T:Microsoft.Extensions.Configuration.IConfiguration"/> instance to watch.
            </summary>
            <param name="config">The configuration instance.</param>
        </member>
        <member name="M:Microsoft.Extensions.Options.ConfigurationChangeTokenSource`1.#ctor(System.String,Microsoft.Extensions.Configuration.IConfiguration)">
            <summary>
            Constructor taking the <see cref="T:Microsoft.Extensions.Configuration.IConfiguration"/> instance to watch.
            </summary>
            <param name="name">The name of the options instance being watched.</param>
            <param name="config">The configuration instance.</param>
        </member>
        <member name="P:Microsoft.Extensions.Options.ConfigurationChangeTokenSource`1.Name">
            <summary>
            The name of the option instance being changed.
            </summary>
        </member>
        <member name="M:Microsoft.Extensions.Options.ConfigurationChangeTokenSource`1.GetChangeToken">
            <summary>
            Returns the reloadToken from the <see cref="T:Microsoft.Extensions.Configuration.IConfiguration"/>.
            </summary>
            <returns></returns>
        </member>
        <member name="T:Microsoft.Extensions.Options.ConfigureFromConfigurationOptions`1">
            <summary>
            Configures an option instance by using <see cref="M:Microsoft.Extensions.Configuration.ConfigurationBinder.Bind(Microsoft.Extensions.Configuration.IConfiguration,System.Object)"/> against an <see cref="T:Microsoft.Extensions.Configuration.IConfiguration"/>.
            </summary>
            <typeparam name="TOptions">The type of options to bind.</typeparam>
        </member>
        <member name="M:Microsoft.Extensions.Options.ConfigureFromConfigurationOptions`1.#ctor(Microsoft.Extensions.Configuration.IConfiguration)">
            <summary>
            Constructor that takes the <see cref="T:Microsoft.Extensions.Configuration.IConfiguration"/> instance to bind against.
            </summary>
            <param name="config">The <see cref="T:Microsoft.Extensions.Configuration.IConfiguration"/> instance.</param>
        </member>
        <member name="T:Microsoft.Extensions.Options.NamedConfigureFromConfigurationOptions`1">
            <summary>
            Configures an option instance by using <see cref="M:Microsoft.Extensions.Configuration.ConfigurationBinder.Bind(Microsoft.Extensions.Configuration.IConfiguration,System.Object)"/> against an <see cref="T:Microsoft.Extensions.Configuration.IConfiguration"/>.
            </summary>
            <typeparam name="TOptions">The type of options to bind.</typeparam>
        </member>
        <member name="M:Microsoft.Extensions.Options.NamedConfigureFromConfigurationOptions`1.#ctor(System.String,Microsoft.Extensions.Configuration.IConfiguration)">
            <summary>
            Constructor that takes the <see cref="T:Microsoft.Extensions.Configuration.IConfiguration"/> instance to bind against.
            </summary>
            <param name="name">The name of the options instance.</param>
            <param name="config">The <see cref="T:Microsoft.Extensions.Configuration.IConfiguration"/> instance.</param>
        </member>
        <member name="M:Microsoft.Extensions.Options.NamedConfigureFromConfigurationOptions`1.#ctor(System.String,Microsoft.Extensions.Configuration.IConfiguration,System.Action{Microsoft.Extensions.Configuration.BinderOptions})">
            <summary>
            Constructor that takes the <see cref="T:Microsoft.Extensions.Configuration.IConfiguration"/> instance to bind against.
            </summary>
            <param name="name">The name of the options instance.</param>
            <param name="config">The <see cref="T:Microsoft.Extensions.Configuration.IConfiguration"/> instance.</param>
            <param name="configureBinder">Used to configure the <see cref="T:Microsoft.Extensions.Configuration.BinderOptions"/>.</param>
        </member>
        <member name="T:Microsoft.Extensions.DependencyInjection.OptionsBuilderConfigurationExtensions">
            <summary>
            Extension methods for adding configuration related options services to the DI container via <see cref="T:Microsoft.Extensions.Options.OptionsBuilder`1"/>.
            </summary>
        </member>
        <member name="M:Microsoft.Extensions.DependencyInjection.OptionsBuilderConfigurationExtensions.Bind``1(Microsoft.Extensions.Options.OptionsBuilder{``0},Microsoft.Extensions.Configuration.IConfiguration)">
            <summary>
            Registers a configuration instance which <typeparamref name="TOptions"/> will bind against.
            </summary>
            <typeparam name="TOptions">The options type to be configured.</typeparam>
            <param name="optionsBuilder">The options builder to add the services to.</param>
            <param name="config">The configuration being bound.</param>
            <returns>The <see cref="T:Microsoft.Extensions.Options.OptionsBuilder`1"/> so that additional calls can be chained.</returns>
        </member>
        <member name="M:Microsoft.Extensions.DependencyInjection.OptionsBuilderConfigurationExtensions.Bind``1(Microsoft.Extensions.Options.OptionsBuilder{``0},Microsoft.Extensions.Configuration.IConfiguration,System.Action{Microsoft.Extensions.Configuration.BinderOptions})">
            <summary>
            Registers a configuration instance which <typeparamref name="TOptions"/> will bind against.
            </summary>
            <typeparam name="TOptions">The options type to be configured.</typeparam>
            <param name="optionsBuilder">The options builder to add the services to.</param>
            <param name="config">The configuration being bound.</param>
            <param name="configureBinder">Used to configure the <see cref="T:Microsoft.Extensions.Configuration.BinderOptions"/>.</param>
            <returns>The <see cref="T:Microsoft.Extensions.Options.OptionsBuilder`1"/> so that additional calls can be chained.</returns>
        </member>
        <member name="M:Microsoft.Extensions.DependencyInjection.OptionsBuilderConfigurationExtensions.BindConfiguration``1(Microsoft.Extensions.Options.OptionsBuilder{``0},System.String,System.Action{Microsoft.Extensions.Configuration.BinderOptions})">
            <summary>
            Registers the dependency injection container to bind <typeparamref name="TOptions"/> against
            the <see cref="T:Microsoft.Extensions.Configuration.IConfiguration"/> obtained from the DI service provider.
            </summary>
            <typeparam name="TOptions">The options type to be configured.</typeparam>
            <param name="optionsBuilder">The options builder to add the services to.</param>
            <param name="configSectionPath">The name of the configuration section to bind from.</param>
            <param name="configureBinder">Optional. Used to configure the <see cref="T:Microsoft.Extensions.Configuration.BinderOptions"/>.</param>
            <returns>The <see cref="T:Microsoft.Extensions.Options.OptionsBuilder`1"/> so that additional calls can be chained.</returns>
            <exception cref="T:System.ArgumentNullException">
            <paramref name="optionsBuilder"/> or <paramref name="configSectionPath" /> is <see langword="null"/>.
            </exception>
            <seealso cref="M:Microsoft.Extensions.DependencyInjection.OptionsBuilderConfigurationExtensions.Bind``1(Microsoft.Extensions.Options.OptionsBuilder{``0},Microsoft.Extensions.Configuration.IConfiguration,System.Action{Microsoft.Extensions.Configuration.BinderOptions})"/>
        </member>
        <member name="T:Microsoft.Extensions.DependencyInjection.OptionsConfigurationServiceCollectionExtensions">
            <summary>
            Extension methods for adding configuration related options services to the DI container.
            </summary>
        </member>
        <member name="M:Microsoft.Extensions.DependencyInjection.OptionsConfigurationServiceCollectionExtensions.Configure``1(Microsoft.Extensions.DependencyInjection.IServiceCollection,Microsoft.Extensions.Configuration.IConfiguration)">
            <summary>
            Registers a configuration instance which TOptions will bind against.
            </summary>
            <typeparam name="TOptions">The type of options being configured.</typeparam>
            <param name="services">The <see cref="T:Microsoft.Extensions.DependencyInjection.IServiceCollection"/> to add the services to.</param>
            <param name="config">The configuration being bound.</param>
            <returns>The <see cref="T:Microsoft.Extensions.DependencyInjection.IServiceCollection"/> so that additional calls can be chained.</returns>
        </member>
        <member name="M:Microsoft.Extensions.DependencyInjection.OptionsConfigurationServiceCollectionExtensions.Configure``1(Microsoft.Extensions.DependencyInjection.IServiceCollection,System.String,Microsoft.Extensions.Configuration.IConfiguration)">
            <summary>
            Registers a configuration instance which TOptions will bind against.
            </summary>
            <typeparam name="TOptions">The type of options being configured.</typeparam>
            <param name="services">The <see cref="T:Microsoft.Extensions.DependencyInjection.IServiceCollection"/> to add the services to.</param>
            <param name="name">The name of the options instance.</param>
            <param name="config">The configuration being bound.</param>
            <returns>The <see cref="T:Microsoft.Extensions.DependencyInjection.IServiceCollection"/> so that additional calls can be chained.</returns>
        </member>
        <member name="M:Microsoft.Extensions.DependencyInjection.OptionsConfigurationServiceCollectionExtensions.Configure``1(Microsoft.Extensions.DependencyInjection.IServiceCollection,Microsoft.Extensions.Configuration.IConfiguration,System.Action{Microsoft.Extensions.Configuration.BinderOptions})">
            <summary>
            Registers a configuration instance which TOptions will bind against.
            </summary>
            <typeparam name="TOptions">The type of options being configured.</typeparam>
            <param name="services">The <see cref="T:Microsoft.Extensions.DependencyInjection.IServiceCollection"/> to add the services to.</param>
            <param name="config">The configuration being bound.</param>
            <param name="configureBinder">Used to configure the <see cref="T:Microsoft.Extensions.Configuration.BinderOptions"/>.</param>
            <returns>The <see cref="T:Microsoft.Extensions.DependencyInjection.IServiceCollection"/> so that additional calls can be chained.</returns>
        </member>
        <member name="M:Microsoft.Extensions.DependencyInjection.OptionsConfigurationServiceCollectionExtensions.Configure``1(Microsoft.Extensions.DependencyInjection.IServiceCollection,System.String,Microsoft.Extensions.Configuration.IConfiguration,System.Action{Microsoft.Extensions.Configuration.BinderOptions})">
            <summary>
            Registers a configuration instance which TOptions will bind against.
            </summary>
            <typeparam name="TOptions">The type of options being configured.</typeparam>
            <param name="services">The <see cref="T:Microsoft.Extensions.DependencyInjection.IServiceCollection"/> to add the services to.</param>
            <param name="name">The name of the options instance.</param>
            <param name="config">The configuration being bound.</param>
            <param name="configureBinder">Used to configure the <see cref="T:Microsoft.Extensions.Configuration.BinderOptions"/>.</param>
            <returns>The <see cref="T:Microsoft.Extensions.DependencyInjection.IServiceCollection"/> so that additional calls can be chained.</returns>
        </member>
        <member name="M:System.ThrowHelper.ThrowIfNull(System.Object,System.String)">
            <summary>Throws an <see cref="T:System.ArgumentNullException"/> if <paramref name="argument"/> is null.</summary>
            <param name="argument">The reference type argument to validate as non-null.</param>
            <param name="paramName">The name of the parameter with which <paramref name="argument"/> corresponds.</param>
        </member>
        <member name="T:System.Diagnostics.CodeAnalysis.RequiresDynamicCodeAttribute">
            <summary>
            Indicates that the specified method requires the ability to generate new code at runtime,
            for example through <see cref="N:System.Reflection"/>.
            </summary>
            <remarks>
            This allows tools to understand which methods are unsafe to call when compiling ahead of time.
            </remarks>
        </member>
        <member name="M:System.Diagnostics.CodeAnalysis.RequiresDynamicCodeAttribute.#ctor(System.String)">
            <summary>
            Initializes a new instance of the <see cref="T:System.Diagnostics.CodeAnalysis.RequiresDynamicCodeAttribute"/> class
            with the specified message.
            </summary>
            <param name="message">
            A message that contains information about the usage of dynamic code.
            </param>
        </member>
        <member name="P:System.Diagnostics.CodeAnalysis.RequiresDynamicCodeAttribute.Message">
            <summary>
            Gets a message that contains information about the usage of dynamic code.
            </summary>
        </member>
        <member name="P:System.Diagnostics.CodeAnalysis.RequiresDynamicCodeAttribute.Url">
            <summary>
            Gets or sets an optional URL that contains more information about the method,
            why it requires dynamic code, and what options a consumer has to deal with it.
            </summary>
        </member>
        <member name="T:System.Runtime.InteropServices.LibraryImportAttribute">
            <summary>
            Attribute used to indicate a source generator should create a function for marshalling
            arguments instead of relying on the runtime to generate an equivalent marshalling function at run-time.
            </summary>
            <remarks>
            This attribute is meaningless if the source generator associated with it is not enabled.
            The current built-in source generator only supports C# and only supplies an implementation when
            applied to static, partial, non-generic methods.
            </remarks>
        </member>
        <member name="M:System.Runtime.InteropServices.LibraryImportAttribute.#ctor(System.String)">
            <summary>
            Initializes a new instance of the <see cref="T:System.Runtime.InteropServices.LibraryImportAttribute"/>.
            </summary>
            <param name="libraryName">Name of the library containing the import.</param>
        </member>
        <member name="P:System.Runtime.InteropServices.LibraryImportAttribute.LibraryName">
            <summary>
            Gets the name of the library containing the import.
            </summary>
        </member>
        <member name="P:System.Runtime.InteropServices.LibraryImportAttribute.EntryPoint">
            <summary>
            Gets or sets the name of the entry point to be called.
            </summary>
        </member>
        <member name="P:System.Runtime.InteropServices.LibraryImportAttribute.StringMarshalling">
            <summary>
            Gets or sets how to marshal string arguments to the method.
            </summary>
            <remarks>
            If this field is set to a value other than <see cref="F:System.Runtime.InteropServices.StringMarshalling.Custom" />,
            <see cref="P:System.Runtime.InteropServices.LibraryImportAttribute.StringMarshallingCustomType" /> must not be specified.
            </remarks>
        </member>
        <member name="P:System.Runtime.InteropServices.LibraryImportAttribute.StringMarshallingCustomType">
            <summary>
            Gets or sets the <see cref="T:System.Type"/> used to control how string arguments to the method are marshalled.
            </summary>
            <remarks>
            If this field is specified, <see cref="P:System.Runtime.InteropServices.LibraryImportAttribute.StringMarshalling" /> must not be specified
            or must be set to <see cref="F:System.Runtime.InteropServices.StringMarshalling.Custom" />.
            </remarks>
        </member>
        <member name="P:System.Runtime.InteropServices.LibraryImportAttribute.SetLastError">
            <summary>
            Gets or sets whether the callee sets an error (SetLastError on Windows or errno
            on other platforms) before returning from the attributed method.
            </summary>
        </member>
        <member name="T:System.Runtime.InteropServices.StringMarshalling">
            <summary>
            Specifies how strings should be marshalled for generated p/invokes
            </summary>
        </member>
        <member name="F:System.Runtime.InteropServices.StringMarshalling.Custom">
            <summary>
            Indicates the user is suppling a specific marshaller in <see cref="P:System.Runtime.InteropServices.LibraryImportAttribute.StringMarshallingCustomType"/>.
            </summary>
        </member>
        <member name="F:System.Runtime.InteropServices.StringMarshalling.Utf8">
            <summary>
            Use the platform-provided UTF-8 marshaller.
            </summary>
        </member>
        <member name="F:System.Runtime.InteropServices.StringMarshalling.Utf16">
            <summary>
            Use the platform-provided UTF-16 marshaller.
            </summary>
        </member>
    </members>
</doc>
